,Name,Genus,Species,Tested_for_Alkaloids,Alkaloids,Ref_Alks,Antimalarial_Use,Ref_H_Mal,History_Fever,Ref_H_Fever,Activity_Antimalarial,Ref_Activity,Family,Accepted_Name,Accepted_Species,Accepted_Species_ID,Accepted_ID,Accepted_Rank,Source
0,Adelphacme minima,Adelphacme,minima,,,,,,,,,,Loganiaceae,Adelphacme minima,Adelphacme minima,77154429-1,77154429-1,Species,Manual
1,Antonia ovata,Antonia,ovata,1.0,1.0,29,,,,,,,Loganiaceae,Antonia ovata,Antonia ovata,545655-1,545655-1,Species,Manual
2,Bonyunia antoniifolia,Bonyunia,antoniifolia,,,,,,,,,,Loganiaceae,Bonyunia antoniifolia,Bonyunia antoniifolia,545660-1,545660-1,Species,Manual
3,Bonyunia aquatica,Bonyunia,aquatica,,,,,,,,,,Loganiaceae,Bonyunia aquatica,Bonyunia aquatica,34787-2,34787-2,Species,Manual
4,Bonyunia excelsa,Bonyunia,excelsa,,,,,,,,,,Loganiaceae,Bonyunia excelsa,Bonyunia excelsa,77104860-1,77104860-1,Species,Manual
5,Bonyunia magnifica,Bonyunia,magnifica,,,,,,,,,,Loganiaceae,Bonyunia magnifica,Bonyunia magnifica,77104861-1,77104861-1,Species,Manual
6,Bonyunia minor,Bonyunia,minor,,,,,,,,,,Loganiaceae,Bonyunia minor,Bonyunia minor,34789-2,34789-2,Species,Manual
7,Bonyunia nobilis,Bonyunia,nobilis,,,,,,,,,,Loganiaceae,Bonyunia nobilis,Bonyunia nobilis,77104862-1,77104862-1,Species,Manual
8,Bonyunia pulchra,Bonyunia,pulchra,,,,,,,,,,Loganiaceae,Bonyunia pulchra,Bonyunia pulchra,77104863-1,77104863-1,Species,Manual
9,Bonyunia spectabilis,Bonyunia,spectabilis,,,,,,,,,,Loganiaceae,Bonyunia spectabilis,Bonyunia spectabilis,77104864-1,77104864-1,Species,Manual
10,Bonyunia superba,Bonyunia,superba,,,,,,,,,,Loganiaceae,Bonyunia superba,Bonyunia superba,545664-1,545664-1,Species,Manual
11,Bonyunia venusta,Bonyunia,venusta,,,,,,,,,,Loganiaceae,Bonyunia venusta,Bonyunia venusta,77104865-1,77104865-1,Species,Manual
12,Gardneria angustifolia,Gardneria,angustifolia,,,,,,,,,,Loganiaceae,Gardneria angustifolia,Gardneria angustifolia,546332-1,546332-1,Species,Manual
13,Gardneria lanceolata,Gardneria,lanceolata,,,,,,,,,,Loganiaceae,Gardneria lanceolata,Gardneria lanceolata,546339-1,546339-1,Species,Manual
14,Gardneria multiflora,Gardneria,multiflora,1.0,1.0,31/32/33,,,,,,,Loganiaceae,Gardneria multiflora,Gardneria multiflora,546341-1,546341-1,Species,Manual
15,Gardneria nutans,Gardneria,nutans,1.0,1.0,31/35,,,,,,,Loganiaceae,Gardneria nutans,Gardneria nutans,546343-1,546343-1,Species,Manual
16,Gardneria ovata,Gardneria,ovata,1.0,1.0,30/34,,,,,,,Loganiaceae,Gardneria ovata,Gardneria ovata,546344-1,546344-1,Species,Manual
17,Geniostoma angustifolium,Geniostoma,angustifolium,,,,,,,,,,Loganiaceae,Geniostoma angustifolium,Geniostoma angustifolium,546360-1,546360-1,Species,Manual
18,Geniostoma antherotrichum,Geniostoma,antherotrichum,,,,,,,,,,Loganiaceae,Geniostoma antherotrichum,Geniostoma antherotrichum,546361-1,546361-1,Species,Manual
19,Geniostoma balansanum,Geniostoma,balansanum,,,,,,,,,,Loganiaceae,Geniostoma balansanum,Geniostoma balansanum,546368-1,546368-1,Species,Manual
20,Geniostoma biseriale,Geniostoma,biseriale,,,,,,,,,,Loganiaceae,Geniostoma biseriale,Geniostoma biseriale,546370-1,546370-1,Species,Manual
21,Geniostoma borbonicum,Geniostoma,borbonicum,,,,,,,,0.0,2,Loganiaceae,Geniostoma borbonicum,Geniostoma borbonicum,546371-1,546371-1,Species,Manual
22,Geniostoma calcicola,Geniostoma,calcicola,,,,,,,,,,Loganiaceae,Geniostoma calcicola,Geniostoma calcicola,546375-1,546375-1,Species,Manual
23,Geniostoma celastrineum,Geniostoma,celastrineum,,,,,,,,,,Loganiaceae,Geniostoma celastrineum,Geniostoma celastrineum,546377-1,546377-1,Species,Manual
24,Geniostoma clavatum,Geniostoma,clavatum,,,,,,,,,,Loganiaceae,Geniostoma clavatum,Geniostoma clavatum,546379-1,546379-1,Species,Manual
25,Geniostoma cyrtandrae,Geniostoma,cyrtandrae,,,,,,,,,,Loganiaceae,Geniostoma cyrtandrae,Geniostoma cyrtandrae,546388-1,546388-1,Species,Manual
26,Geniostoma degeneri,Geniostoma,degeneri,,,,,,,,,,Loganiaceae,Geniostoma degeneri,Geniostoma degeneri,77183773-1,77183773-1,Species,Manual
27,Geniostoma densiflorum,Geniostoma,densiflorum,,,,,,,,,,Loganiaceae,Geniostoma densiflorum,Geniostoma densiflorum,546391-1,546391-1,Species,Manual
28,Geniostoma erythrospermum,Geniostoma,erythrospermum,,,,,,,,,,Loganiaceae,Geniostoma erythrospermum,Geniostoma erythrospermum,546396-1,546396-1,Species,Manual
29,Geniostoma fagraeoides,Geniostoma,fagraeoides,,,,,,,,,,Loganiaceae,Geniostoma fagraeoides,Geniostoma fagraeoides,546397-1,546397-1,Species,Manual
30,Geniostoma gagnae,Geniostoma,gagnae,,,,,,,,,,Loganiaceae,Geniostoma gagnae,Geniostoma gagnae,897803-1,897803-1,Species,Manual
31,Geniostoma gaudichaudii,Geniostoma,gaudichaudii,,,,,,,,,,Loganiaceae,Geniostoma gaudichaudii,Geniostoma gaudichaudii,77209911-1,77209911-1,Species,Manual
32,Geniostoma glaucescens,Geniostoma,glaucescens,,,,,,,,,,Loganiaceae,Geniostoma glaucescens,Geniostoma glaucescens,546407-1,546407-1,Species,Manual
33,Geniostoma grandifolium,Geniostoma,grandifolium,,,,,,,,,,Loganiaceae,Geniostoma grandifolium,Geniostoma grandifolium,546409-1,546409-1,Species,Manual
34,Geniostoma hallei,Geniostoma,hallei,,,,,,,,,,Loganiaceae,Geniostoma hallei,Geniostoma hallei,546411-1,546411-1,Species,Manual
35,Geniostoma hedyosmifolium,Geniostoma,hedyosmifolium,,,,,,,,,,Loganiaceae,Geniostoma hedyosmifolium,Geniostoma hedyosmifolium,77183885-1,77183885-1,Species,Manual
36,Geniostoma helleri,Geniostoma,helleri,,,,,,,,,,Loganiaceae,Geniostoma helleri,Geniostoma helleri,77183962-1,77183962-1,Species,Manual
37,Geniostoma hirtellum,Geniostoma,hirtellum,,,,,,,,,,Loganiaceae,Geniostoma hirtellum,Geniostoma hirtellum,77184210-1,77184210-1,Species,Manual
38,Geniostoma hosakanum,Geniostoma,hosakanum,,,,,,,,,,Loganiaceae,Geniostoma hosakanum,Geniostoma hosakanum,77183654-1,77183654-1,Species,Manual
39,Geniostoma huttonii,Geniostoma,huttonii,,,,,,,,,,Loganiaceae,Geniostoma huttonii,Geniostoma huttonii,970839-1,970839-1,Species,Manual
40,Geniostoma hymenopodum,Geniostoma,hymenopodum,,,,,,,,,,Loganiaceae,Geniostoma hymenopodum,Geniostoma hymenopodum,77183878-1,77183878-1,Species,Manual
41,Geniostoma imbricatum,Geniostoma,imbricatum,,,,,,,,,,Loganiaceae,Geniostoma imbricatum,Geniostoma imbricatum,77154426-1,77154426-1,Species,Manual
42,Geniostoma kaalae,Geniostoma,kaalae,,,,,,,,,,Loganiaceae,Geniostoma kaalae,Geniostoma kaalae,77122818-1,77122818-1,Species,Manual
43,Geniostoma leenhoutsii,Geniostoma,leenhoutsii,,,,,,,,,,Loganiaceae,Geniostoma leenhoutsii,Geniostoma leenhoutsii,546423-1,546423-1,Species,Manual
44,Geniostoma lorencianum,Geniostoma,lorencianum,,,,,,,,,,Loganiaceae,Geniostoma lorencianum,Geniostoma lorencianum,77184257-1,77184257-1,Species,Manual
45,Geniostoma lydgatei,Geniostoma,lydgatei,,,,,,,,,,Loganiaceae,Geniostoma lydgatei,Geniostoma lydgatei,77184188-1,77184188-1,Species,Manual
46,Geniostoma macrophyllum,Geniostoma,macrophyllum,,,,,,,,,,Loganiaceae,Geniostoma macrophyllum,Geniostoma macrophyllum,546429-1,546429-1,Species,Manual
47,Geniostoma mooreanum,Geniostoma,mooreanum,,,,,,,,,,Loganiaceae,Geniostoma mooreanum,Geniostoma mooreanum,546436-1,546436-1,Species,Manual
48,Geniostoma novae-caledoniae,Geniostoma,novae-caledoniae,,,,,,,,,,Loganiaceae,Geniostoma novae-caledoniae,Geniostoma novae-caledoniae,546439-1,546439-1,Species,Manual
49,Geniostoma pedunculatum,Geniostoma,pedunculatum,,,,,,,,,,Loganiaceae,Geniostoma pedunculatum,Geniostoma pedunculatum,546448-1,546448-1,Species,Manual
50,Geniostoma petiolosum,Geniostoma,petiolosum,,,,,,,,,,Loganiaceae,Geniostoma petiolosum,Geniostoma petiolosum,546449-1,546449-1,Species,Manual
51,Geniostoma pumilum,Geniostoma,pumilum,,,,,,,,,,Loganiaceae,Geniostoma pumilum,Geniostoma pumilum,77183839-1,77183839-1,Species,Manual
52,Geniostoma randianum,Geniostoma,randianum,,,,,,,,,,Loganiaceae,Geniostoma randianum,Geniostoma randianum,546457-1,546457-1,Species,Manual
53,Geniostoma rapense,Geniostoma,rapense,,,,,,,,,,Loganiaceae,Geniostoma rapense,Geniostoma rapense,546458-1,546458-1,Species,Manual
54,Geniostoma rarotongense,Geniostoma,rarotongense,,,,,,,,,,Loganiaceae,Geniostoma rarotongense,Geniostoma rarotongense,897804-1,897804-1,Species,Manual
55,Geniostoma remyanum,Geniostoma,remyanum,,,,,,,,,,Loganiaceae,Geniostoma remyanum,Geniostoma remyanum,546459-1,546459-1,Species,Manual
56,Geniostoma rupestre,Geniostoma,rupestre,,,,,,,,,,Loganiaceae,Geniostoma rupestre,Geniostoma rupestre,546462-1,546462-1,Species,Manual
57,Geniostoma stipulare,Geniostoma,stipulare,,,,,,,,,,Loganiaceae,Geniostoma stipulare,Geniostoma stipulare,546474-1,546474-1,Species,Manual
58,Geniostoma sykesii,Geniostoma,sykesii,,,,,,,,,,Loganiaceae,Geniostoma sykesii,Geniostoma sykesii,897805-1,897805-1,Species,Manual
59,Geniostoma tinifolium,Geniostoma,tinifolium,,,,,,,,,,Loganiaceae,Geniostoma tinifolium,Geniostoma tinifolium,77183797-1,77183797-1,Species,Manual
60,Geniostoma trichostylum,Geniostoma,trichostylum,,,,,,,,,,Loganiaceae,Geniostoma trichostylum,Geniostoma trichostylum,546476-1,546476-1,Species,Manual
61,Geniostoma triflorum,Geniostoma,triflorum,,,,,,,,,,Loganiaceae,Geniostoma triflorum,Geniostoma triflorum,77184007-1,77184007-1,Species,Manual
62,Geniostoma umbellatum,Geniostoma,umbellatum,,,,,,,,,,Loganiaceae,Geniostoma umbellatum,Geniostoma umbellatum,546477-1,546477-1,Species,Manual
63,Geniostoma venosum,Geniostoma,venosum,,,,,,,,,,Loganiaceae,Geniostoma venosum,Geniostoma venosum,77184074-1,77184074-1,Species,Manual
64,Geniostoma vestitum,Geniostoma,vestitum,,,,,,,,,,Loganiaceae,Geniostoma vestitum,Geniostoma vestitum,546479-1,546479-1,Species,Manual
65,Geniostoma waialealae,Geniostoma,waialealae,,,,,,,,,,Loganiaceae,Geniostoma waialealae,Geniostoma waialealae,77183699-1,77183699-1,Species,Manual
66,Geniostoma waiolani,Geniostoma,waiolani,,,,,,,,,,Loganiaceae,Geniostoma waiolani,Geniostoma waiolani,77184146-1,77184146-1,Species,Manual
67,Geniostoma weinlandii,Geniostoma,weinlandii,,,,,,,,,,Loganiaceae,Geniostoma weinlandii,Geniostoma weinlandii,546482-1,546482-1,Species,Manual
68,Logania albiflora,Logania,albiflora,,,,,,,,,,Loganiaceae,Logania albiflora,Logania albiflora,546584-1,546584-1,Species,Manual
69,Logania archeri,Logania,archeri,,,,,,,,,,Loganiaceae,Logania archeri,Logania archeri,984031-1,984031-1,Species,Manual
70,Logania buxifolia,Logania,buxifolia,,,,,,,,,,Loganiaceae,Logania buxifolia,Logania buxifolia,546589-1,546589-1,Species,Manual
71,Logania cordifolia,Logania,cordifolia,,,,,,,,,,Loganiaceae,Logania cordifolia,Logania cordifolia,546596-1,546596-1,Species,Manual
72,Logania crassifolia,Logania,crassifolia,,,,,,,,,,Loganiaceae,Logania crassifolia,Logania crassifolia,546597-1,546597-1,Species,Manual
73,Logania depressa,Logania,depressa,,,,,,,,,,Loganiaceae,Logania depressa,Logania depressa,546599-1,546599-1,Species,Manual
74,Logania diffusa,Logania,diffusa,,,,,,,,,,Loganiaceae,Logania diffusa,Logania diffusa,906553-1,906553-1,Species,Manual
75,Logania fasciculata,Logania,fasciculata,,,,,,,,,,Loganiaceae,Logania fasciculata,Logania fasciculata,546602-1,546602-1,Species,Manual
76,Logania granitica,Logania,granitica,,,,,,,,,,Loganiaceae,Logania granitica,Logania granitica,77085016-1,77085016-1,Species,Manual
77,Logania insularis,Logania,insularis,,,,,,,,,,Loganiaceae,Logania insularis,Logania insularis,546608-1,546608-1,Species,Manual
78,Logania linifolia,Logania,linifolia,,,,,,,,,,Loganiaceae,Logania linifolia,Logania linifolia,546611-1,546611-1,Species,Manual
79,Logania litoralis,Logania,litoralis,,,,,,,,,,Loganiaceae,Logania litoralis,Logania litoralis,984037-1,984037-1,Species,Manual
80,Logania micrantha,Logania,micrantha,,,,,,,,,,Loganiaceae,Logania micrantha,Logania micrantha,546613-1,546613-1,Species,Manual
81,Logania minor,Logania,minor,,,,,,,,,,Loganiaceae,Logania minor,Logania minor,984033-1,984033-1,Species,Manual
82,Logania nanophylla,Logania,nanophylla,,,,,,,,,,Loganiaceae,Logania nanophylla,Logania nanophylla,984032-1,984032-1,Species,Manual
83,Logania ovata,Logania,ovata,,,,,,,,,,Loganiaceae,Logania ovata,Logania ovata,546617-1,546617-1,Species,Manual
84,Logania perryana,Logania,perryana,,,,,,,,,,Loganiaceae,Logania perryana,Logania perryana,984035-1,984035-1,Species,Manual
85,Logania recurva,Logania,recurva,,,,,,,,,,Loganiaceae,Logania recurva,Logania recurva,546620-1,546620-1,Species,Manual
86,Logania saxatilis,Logania,saxatilis,,,,,,,,,,Loganiaceae,Logania saxatilis,Logania saxatilis,984036-1,984036-1,Species,Manual
87,Logania scabrella,Logania,scabrella,,,,,,,,,,Loganiaceae,Logania scabrella,Logania scabrella,984034-1,984034-1,Species,Manual
88,Logania stenophylla,Logania,stenophylla,,,,,,,,,,Loganiaceae,Logania stenophylla,Logania stenophylla,546624-1,546624-1,Species,Manual
89,Logania sylvicola,Logania,sylvicola,,,,,,,,,,Loganiaceae,Logania sylvicola,Logania sylvicola,77108596-1,77108596-1,Species,Manual
90,Logania vaginalis,Logania,vaginalis,,,,,,,,,,Loganiaceae,Logania vaginalis,Logania vaginalis,546627-1,546627-1,Species,Manual
91,Mitrasacme aggregata,Mitrasacme,aggregata,,,,,,,,,,Loganiaceae,Mitrasacme aggregata,Mitrasacme aggregata,990993-1,990993-1,Species,Manual
92,Mitrasacme albomarginata,Mitrasacme,albomarginata,,,,,,,,,,Loganiaceae,Mitrasacme albomarginata,Mitrasacme albomarginata,546631-1,546631-1,Species,Manual
93,Mitrasacme alsinoides,Mitrasacme,alsinoides,,,,,,,,,,Loganiaceae,Mitrasacme alsinoides,Mitrasacme alsinoides,546632-1,546632-1,Species,Manual
94,Mitrasacme ambigua,Mitrasacme,ambigua,,,,,,,,,,Loganiaceae,Mitrasacme ambigua,Mitrasacme ambigua,546633-1,546633-1,Species,Manual
95,Mitrasacme bogoriensis,Mitrasacme,bogoriensis,,,,,,,,,,Loganiaceae,Mitrasacme bogoriensis,Mitrasacme bogoriensis,546637-1,546637-1,Species,Manual
96,Mitrasacme brachystemonea,Mitrasacme,brachystemonea,,,,,,,,,,Loganiaceae,Mitrasacme brachystemonea,Mitrasacme brachystemonea,546638-1,546638-1,Species,Manual
97,Mitrasacme clarksonii,Mitrasacme,clarksonii,,,,,,,,,,Loganiaceae,Mitrasacme clarksonii,Mitrasacme clarksonii,990991-1,990991-1,Species,Manual
98,Mitrasacme connata,Mitrasacme,connata,,,,,,,,,,Loganiaceae,Mitrasacme connata,Mitrasacme connata,546646-1,546646-1,Species,Manual
99,Mitrasacme elata,Mitrasacme,elata,,,,,,,,,,Loganiaceae,Mitrasacme elata,Mitrasacme elata,546654-1,546654-1,Species,Manual
100,Mitrasacme epigaea,Mitrasacme,epigaea,,,,,,,,,,Loganiaceae,Mitrasacme epigaea,Mitrasacme epigaea,990987-1,990987-1,Species,Manual
101,Mitrasacme erophila,Mitrasacme,erophila,,,,,,,,,,Loganiaceae,Mitrasacme erophila,Mitrasacme erophila,546655-1,546655-1,Species,Manual
102,Mitrasacme exserta,Mitrasacme,exserta,,,,,,,,,,Loganiaceae,Mitrasacme exserta,Mitrasacme exserta,546656-1,546656-1,Species,Manual
103,Mitrasacme floribunda,Mitrasacme,floribunda,,,,,,,,,,Loganiaceae,Mitrasacme floribunda,Mitrasacme floribunda,990989-1,990989-1,Species,Manual
104,Mitrasacme foliosa,Mitrasacme,foliosa,,,,,,,,,,Loganiaceae,Mitrasacme foliosa,Mitrasacme foliosa,546657-1,546657-1,Species,Manual
105,Mitrasacme galbina,Mitrasacme,galbina,,,,,,,,,,Loganiaceae,Mitrasacme galbina,Mitrasacme galbina,990997-1,990997-1,Species,Manual
106,Mitrasacme geniculosa,Mitrasacme,geniculosa,,,,,,,,,,Loganiaceae,Mitrasacme geniculosa,Mitrasacme geniculosa,990995-1,990995-1,Species,Manual
107,Mitrasacme gentianea,Mitrasacme,gentianea,,,,,,,,,,Loganiaceae,Mitrasacme gentianea,Mitrasacme gentianea,546659-1,546659-1,Species,Manual
108,Mitrasacme glaucescens,Mitrasacme,glaucescens,,,,,,,,,,Loganiaceae,Mitrasacme glaucescens,Mitrasacme glaucescens,990981-1,990981-1,Species,Manual
109,Mitrasacme graminea,Mitrasacme,graminea,,,,,,,,,,Loganiaceae,Mitrasacme graminea,Mitrasacme graminea,990978-1,990978-1,Species,Manual
110,Mitrasacme hispida,Mitrasacme,hispida,,,,,,,,,,Loganiaceae,Mitrasacme hispida,Mitrasacme hispida,546661-1,546661-1,Species,Manual
111,Mitrasacme inornata,Mitrasacme,inornata,,,,,,,,,,Loganiaceae,Mitrasacme inornata,Mitrasacme inornata,990992-1,990992-1,Species,Manual
112,Mitrasacme katjarranka,Mitrasacme,katjarranka,,,,,,,,,,Loganiaceae,Mitrasacme katjarranka,Mitrasacme katjarranka,77148781-1,77148781-1,Species,Manual
113,Mitrasacme kenneallyi,Mitrasacme,kenneallyi,,,,,,,,,,Loganiaceae,Mitrasacme kenneallyi,Mitrasacme kenneallyi,990996-1,990996-1,Species,Manual
114,Mitrasacme laevis,Mitrasacme,laevis,,,,,,,,,,Loganiaceae,Mitrasacme laevis,Mitrasacme laevis,546664-1,546664-1,Species,Manual
115,Mitrasacme laricifolia,Mitrasacme,laricifolia,,,,,,,,,,Loganiaceae,Mitrasacme laricifolia,Mitrasacme laricifolia,546665-1,546665-1,Species,Manual
116,Mitrasacme latiflora,Mitrasacme,latiflora,,,,,,,,,,Loganiaceae,Mitrasacme latiflora,Mitrasacme latiflora,546666-1,546666-1,Species,Manual
117,Mitrasacme laxiceps,Mitrasacme,laxiceps,,,,,,,,,,Loganiaceae,Mitrasacme laxiceps,Mitrasacme laxiceps,990999-1,990999-1,Species,Manual
118,Mitrasacme lutea,Mitrasacme,lutea,,,,,,,,,,Loganiaceae,Mitrasacme lutea,Mitrasacme lutea,546669-1,546669-1,Species,Manual
119,Mitrasacme maritima,Mitrasacme,maritima,,,,,,,,,,Loganiaceae,Mitrasacme maritima,Mitrasacme maritima,990994-1,990994-1,Species,Manual
120,Mitrasacme micrantha,Mitrasacme,micrantha,,,,,,,,,,Loganiaceae,Mitrasacme micrantha,Mitrasacme micrantha,546673-1,546673-1,Species,Manual
121,Mitrasacme multicaulis,Mitrasacme,multicaulis,,,,,,,,,,Loganiaceae,Mitrasacme multicaulis,Mitrasacme multicaulis,546675-1,546675-1,Species,Manual
122,Mitrasacme neglecta,Mitrasacme,neglecta,,,,,,,,,,Loganiaceae,Mitrasacme neglecta,Mitrasacme neglecta,546676-1,546676-1,Species,Manual
123,Mitrasacme neldneri,Mitrasacme,neldneri,,,,,,,,,,Loganiaceae,Mitrasacme neldneri,Mitrasacme neldneri,990990-1,990990-1,Species,Manual
124,Mitrasacme nidulifera,Mitrasacme,nidulifera,,,,,,,,,,Loganiaceae,Mitrasacme nidulifera,Mitrasacme nidulifera,990984-1,990984-1,Species,Manual
125,Mitrasacme nudicaulis,Mitrasacme,nudicaulis,,,,,,,,,,Loganiaceae,Mitrasacme nudicaulis,Mitrasacme nudicaulis,546679-1,546679-1,Species,Manual
126,Mitrasacme nummularia,Mitrasacme,nummularia,,,,,,,,,,Loganiaceae,Mitrasacme nummularia,Mitrasacme nummularia,546680-1,546680-1,Species,Manual
127,Mitrasacme oasena,Mitrasacme,oasena,,,,,,,,,,Loganiaceae,Mitrasacme oasena,Mitrasacme oasena,990977-1,990977-1,Species,Manual
128,Mitrasacme paludosa,Mitrasacme,paludosa,,,,,,,,,,Loganiaceae,Mitrasacme paludosa,Mitrasacme paludosa,546681-1,546681-1,Species,Manual
129,Mitrasacme patens,Mitrasacme,patens,,,,,,,,,,Loganiaceae,Mitrasacme patens,Mitrasacme patens,990988-1,990988-1,Species,Manual
130,Mitrasacme phascoides,Mitrasacme,phascoides,,,,,,,,,,Loganiaceae,Mitrasacme phascoides,Mitrasacme phascoides,546686-1,546686-1,Species,Manual
131,Mitrasacme pilosa,Mitrasacme,pilosa,,,,,,,,,,Loganiaceae,Mitrasacme pilosa,Mitrasacme pilosa,546687-1,546687-1,Species,Manual
132,Mitrasacme polymorpha,Mitrasacme,polymorpha,,,,,,,,,,Loganiaceae,Mitrasacme polymorpha,Mitrasacme polymorpha,546689-1,546689-1,Species,Manual
133,Mitrasacme prolifera,Mitrasacme,prolifera,,,,,,,,,,Loganiaceae,Mitrasacme prolifera,Mitrasacme prolifera,546690-1,546690-1,Species,Manual
134,Mitrasacme pygmaea,Mitrasacme,pygmaea,,,,,,,,,,Loganiaceae,Mitrasacme pygmaea,Mitrasacme pygmaea,546693-1,546693-1,Species,Manual
135,Mitrasacme retroloba,Mitrasacme,retroloba,,,,,,,,,,Loganiaceae,Mitrasacme retroloba,Mitrasacme retroloba,990983-1,990983-1,Species,Manual
136,Mitrasacme saxatilis,Mitrasacme,saxatilis,,,,,,,,,,Loganiaceae,Mitrasacme saxatilis,Mitrasacme saxatilis,546695-1,546695-1,Species,Manual
137,Mitrasacme scopata,Mitrasacme,scopata,,,,,,,,,,Loganiaceae,Mitrasacme scopata,Mitrasacme scopata,990985-1,990985-1,Species,Manual
138,Mitrasacme scrithicola,Mitrasacme,scrithicola,,,,,,,,,,Loganiaceae,Mitrasacme scrithicola,Mitrasacme scrithicola,990982-1,990982-1,Species,Manual
139,Mitrasacme secedens,Mitrasacme,secedens,,,,,,,,,,Loganiaceae,Mitrasacme secedens,Mitrasacme secedens,990998-1,990998-1,Species,Manual
140,Mitrasacme serpyllifolia,Mitrasacme,serpyllifolia,,,,,,,,,,Loganiaceae,Mitrasacme serpyllifolia,Mitrasacme serpyllifolia,546696-1,546696-1,Species,Manual
141,Mitrasacme setosa,Mitrasacme,setosa,,,,,,,,,,Loganiaceae,Mitrasacme setosa,Mitrasacme setosa,546697-1,546697-1,Species,Manual
142,Mitrasacme squamigera,Mitrasacme,squamigera,,,,,,,,,,Loganiaceae,Mitrasacme squamigera,Mitrasacme squamigera,990980-1,990980-1,Species,Manual
143,Mitrasacme stellata,Mitrasacme,stellata,,,,,,,,,,Loganiaceae,Mitrasacme stellata,Mitrasacme stellata,546701-1,546701-1,Species,Manual
144,Mitrasacme subvolubilis,Mitrasacme,subvolubilis,,,,,,,,,,Loganiaceae,Mitrasacme subvolubilis,Mitrasacme subvolubilis,546702-1,546702-1,Species,Manual
145,Mitrasacme thedae,Mitrasacme,thedae,,,,,,,,,,Loganiaceae,Mitrasacme thedae,Mitrasacme thedae,77153352-1,77153352-1,Species,Manual
146,Mitrasacme troglodytica,Mitrasacme,troglodytica,,,,,,,,,,Loganiaceae,Mitrasacme troglodytica,Mitrasacme troglodytica,990979-1,990979-1,Species,Manual
147,Mitreola macrophylla,Mitreola,macrophylla,,,,,,,,,,Loganiaceae,Mitreola macrophylla,Mitreola macrophylla,985690-1,985690-1,Species,Manual
148,Mitreola pedicellata,Mitreola,pedicellata,,,,,,,,,,Loganiaceae,Mitreola pedicellata,Mitreola pedicellata,546719-1,546719-1,Species,Manual
149,Mitreola petiolata,Mitreola,petiolata,,,,,,,,,,Loganiaceae,Mitreola petiolata,Mitreola petiolata,546721-1,546721-1,Species,Manual
150,Mitreola petiolatoides,Mitreola,petiolatoides,,,,,,,,,,Loganiaceae,Mitreola petiolatoides,Mitreola petiolatoides,546722-1,546722-1,Species,Manual
151,Mitreola pingtaoi,Mitreola,pingtaoi,,,,,,,,,,Loganiaceae,Mitreola pingtaoi,Mitreola pingtaoi,985689-1,985689-1,Species,Manual
152,Mitreola purpureonervia,Mitreola,purpureonervia,,,,,,,,,,Loganiaceae,Mitreola purpureonervia,Mitreola purpureonervia,985692-1,985692-1,Species,Manual
153,Mitreola reticulata,Mitreola,reticulata,,,,,,,,,,Loganiaceae,Mitreola reticulata,Mitreola reticulata,546723-1,546723-1,Species,Manual
154,Mitreola sessilifolia,Mitreola,sessilifolia,,,,,,,,,,Loganiaceae,Mitreola sessilifolia,Mitreola sessilifolia,30219651-2,30219651-2,Species,Manual
155,Mitreola spathulifolia,Mitreola,spathulifolia,,,,,,,,,,Loganiaceae,Mitreola spathulifolia,Mitreola spathulifolia,985691-1,985691-1,Species,Manual
156,Mitreola sphaerocarpa,Mitreola,sphaerocarpa,,,,,,,,,,Loganiaceae,Mitreola sphaerocarpa,Mitreola sphaerocarpa,546726-1,546726-1,Species,Manual
157,Mitreola turgida,Mitreola,turgida,,,,,,,,,,Loganiaceae,Mitreola turgida,Mitreola turgida,546729-1,546729-1,Species,Manual
158,Mitreola yangchunensis,Mitreola,yangchunensis,,,,,,,,,,Loganiaceae,Mitreola yangchunensis,Mitreola yangchunensis,77105825-1,77105825-1,Species,Manual
159,Neuburgia alata,Neuburgia,alata,,,,,,,,,,Loganiaceae,Neuburgia alata,Neuburgia alata,546784-1,546784-1,Species,Manual
160,Neuburgia celebica,Neuburgia,celebica,,,,,,,,,,Loganiaceae,Neuburgia celebica,Neuburgia celebica,546785-1,546785-1,Species,Manual
161,Neuburgia collina,Neuburgia,collina,,,,,,,,,,Loganiaceae,Neuburgia collina,Neuburgia collina,546786-1,546786-1,Species,Manual
162,Neuburgia corynocarpa,Neuburgia,corynocarpa,,,,,,,,,,Loganiaceae,Neuburgia corynocarpa,Neuburgia corynocarpa,546787-1,546787-1,Species,Manual
163,Neuburgia kochii,Neuburgia,kochii,,,,,,,,,,Loganiaceae,Neuburgia kochii,Neuburgia kochii,546788-1,546788-1,Species,Manual
164,Neuburgia macrocarpa,Neuburgia,macrocarpa,,,,,,,,,,Loganiaceae,Neuburgia macrocarpa,Neuburgia macrocarpa,546789-1,546789-1,Species,Manual
165,Neuburgia macroloba,Neuburgia,macroloba,,,,,,,,,,Loganiaceae,Neuburgia macroloba,Neuburgia macroloba,546790-1,546790-1,Species,Manual
166,Neuburgia moluccana,Neuburgia,moluccana,,,,,,,,,,Loganiaceae,Neuburgia moluccana,Neuburgia moluccana,546791-1,546791-1,Species,Manual
167,Neuburgia novocaledonica,Neuburgia,novocaledonica,,,,,,,,,,Loganiaceae,Neuburgia novocaledonica,Neuburgia novocaledonica,77061619-1,77061619-1,Species,Manual
168,Neuburgia rumphiana,Neuburgia,rumphiana,,,,,,,,,,Loganiaceae,Neuburgia rumphiana,Neuburgia rumphiana,546793-1,546793-1,Species,Manual
169,Neuburgia tuberculata,Neuburgia,tuberculata,,,,,,,,,,Loganiaceae,Neuburgia tuberculata,Neuburgia tuberculata,80480-1,80480-1,Species,Manual
170,Neuburgia tubiflora,Neuburgia,tubiflora,,,,,,,,,,Loganiaceae,Neuburgia tubiflora,Neuburgia tubiflora,80481-1,80481-1,Species,Manual
171,Norrisia major,Norrisia,major,,,,,,,,,,Loganiaceae,Norrisia major,Norrisia major,60466948-2,60466948-2,Species,Manual
172,Norrisia malaccensis,Norrisia,malaccensis,,,,,,,,,,Loganiaceae,Norrisia malaccensis,Norrisia malaccensis,546804-1,546804-1,Species,Manual
173,Orianthera biloba,Orianthera,biloba,,,,,,,,,,Loganiaceae,Orianthera biloba,Orianthera biloba,77154367-1,77154367-1,Species,Manual
174,Orianthera callosa,Orianthera,callosa,,,,,,,,,,Loganiaceae,Orianthera callosa,Orianthera callosa,77154368-1,77154368-1,Species,Manual
175,Orianthera campanulata,Orianthera,campanulata,,,,,,,,,,Loganiaceae,Orianthera campanulata,Orianthera campanulata,77154366-1,77154366-1,Species,Manual
176,Orianthera centralis,Orianthera,centralis,,,,,,,,,,Loganiaceae,Orianthera centralis,Orianthera centralis,77154369-1,77154369-1,Species,Manual
177,Orianthera exilis,Orianthera,exilis,,,,,,,,,,Loganiaceae,Orianthera exilis,Orianthera exilis,77154370-1,77154370-1,Species,Manual
178,Orianthera flaviflora,Orianthera,flaviflora,,,,,,,,,,Loganiaceae,Orianthera flaviflora,Orianthera flaviflora,77154371-1,77154371-1,Species,Manual
179,Orianthera judithiana,Orianthera,judithiana,,,,,,,,,,Loganiaceae,Orianthera judithiana,Orianthera judithiana,77154372-1,77154372-1,Species,Manual
180,Orianthera nuda,Orianthera,nuda,,,,,,,,,,Loganiaceae,Orianthera nuda,Orianthera nuda,77154373-1,77154373-1,Species,Manual
181,Orianthera pusilla,Orianthera,pusilla,,,,,,,,,,Loganiaceae,Orianthera pusilla,Orianthera pusilla,77154374-1,77154374-1,Species,Manual
182,Orianthera serpyllifolia,Orianthera,serpyllifolia,,,,,,,,,,Loganiaceae,Orianthera serpyllifolia,Orianthera serpyllifolia,77154375-1,77154375-1,Species,Manual
183,Orianthera spermacocea,Orianthera,spermacocea,,,,,,,,,,Loganiaceae,Orianthera spermacocea,Orianthera spermacocea,77154377-1,77154377-1,Species,Manual
184,Orianthera tortuosa,Orianthera,tortuosa,,,,,,,,,,Loganiaceae,Orianthera tortuosa,Orianthera tortuosa,77154378-1,77154378-1,Species,Manual
185,Orianthera wendyae,Orianthera,wendyae,,,,,,,,,,Loganiaceae,Orianthera wendyae,Orianthera wendyae,77154379-1,77154379-1,Species,Manual
186,Phyllangium distylis,Phyllangium,distylis,,,,,,,,,,Loganiaceae,Phyllangium distylis,Phyllangium distylis,991005-1,991005-1,Species,Manual
187,Phyllangium divergens,Phyllangium,divergens,,,,,,,,,,Loganiaceae,Phyllangium divergens,Phyllangium divergens,991007-1,991007-1,Species,Manual
188,Phyllangium palustre,Phyllangium,palustre,,,,,,,,,,Loganiaceae,Phyllangium palustre,Phyllangium palustre,991008-1,991008-1,Species,Manual
189,Phyllangium paradoxum,Phyllangium,paradoxum,,,,,,,,,,Loganiaceae,Phyllangium paradoxum,Phyllangium paradoxum,991004-1,991004-1,Species,Manual
190,Phyllangium sulcatum,Phyllangium,sulcatum,,,,,,,,,,Loganiaceae,Phyllangium sulcatum,Phyllangium sulcatum,991006-1,991006-1,Species,Manual
191,Schizacme archeri,Schizacme,archeri,,,,,,,,,,Loganiaceae,Schizacme archeri,Schizacme archeri,991001-1,991001-1,Species,Manual
192,Schizacme ciliata,Schizacme,ciliata,,,,,,,,,,Loganiaceae,Schizacme ciliata,Schizacme ciliata,77154485-1,77154485-1,Species,Manual
193,Schizacme helmsii,Schizacme,helmsii,,,,,,,,,,Loganiaceae,Schizacme helmsii,Schizacme helmsii,77154480-1,77154480-1,Species,Manual
194,Schizacme montana,Schizacme,montana,,,,,,,,,,Loganiaceae,Schizacme montana,Schizacme montana,991002-1,991002-1,Species,Manual
195,Schizacme novae-zelandiae,Schizacme,novae-zelandiae,,,,,,,,,,Loganiaceae,Schizacme novae-zelandiae,Schizacme novae-zelandiae,77154483-1,77154483-1,Species,Manual
196,Spigelia aceifolia,Spigelia,aceifolia,,,,,,,,,,Loganiaceae,Spigelia aceifolia,Spigelia aceifolia,242169-2,242169-2,Species,Manual
197,Spigelia aenea,Spigelia,aenea,,,,,,,,,,Loganiaceae,Spigelia aenea,Spigelia aenea,546907-1,546907-1,Species,Manual
198,Spigelia alabamensis,Spigelia,alabamensis,,,,,,,,,,Loganiaceae,Spigelia alabamensis,Spigelia alabamensis,60458075-2,60458075-2,Species,Manual
199,Spigelia alborubra,Spigelia,alborubra,,,,,,,,,,Loganiaceae,Spigelia alborubra,Spigelia alborubra,77197934-1,77197934-1,Species,Manual
200,Spigelia amambaiensis,Spigelia,amambaiensis,,,,,,,,,,Loganiaceae,Spigelia amambaiensis,Spigelia amambaiensis,77062626-1,77062626-1,Species,Manual
201,Spigelia amazonica,Spigelia,amazonica,,,,,,,,,,Loganiaceae,Spigelia amazonica,Spigelia amazonica,60434593-2,60434593-2,Species,Manual
202,Spigelia amplexicaulis,Spigelia,amplexicaulis,,,,,,,,,,Loganiaceae,Spigelia amplexicaulis,Spigelia amplexicaulis,242170-2,242170-2,Species,Manual
203,Spigelia andersonii,Spigelia,andersonii,,,,,,,,,,Loganiaceae,Spigelia andersonii,Spigelia andersonii,324568-2,324568-2,Species,Manual
204,Spigelia andina,Spigelia,andina,,,,,,,,,,Loganiaceae,Spigelia andina,Spigelia andina,330744-2,330744-2,Species,Manual
205,Spigelia anthelmia,Spigelia,anthelmia,1.0,1.0,"KN, 36",1.0,104,,,,,Loganiaceae,Spigelia anthelmia,Spigelia anthelmia,318920-2,318920-2,Species,Manual
206,Spigelia asperifolia,Spigelia,asperifolia,,,,,,,,,,Loganiaceae,Spigelia asperifolia,Spigelia asperifolia,546913-1,546913-1,Species,Manual
207,Spigelia ayotzinapensis,Spigelia,ayotzinapensis,,,,,,,,,,Loganiaceae,Spigelia ayotzinapensis,Spigelia ayotzinapensis,77174912-1,77174912-1,Species,Manual
208,Spigelia beccabungoides,Spigelia,beccabungoides,,,,,,,,,,Loganiaceae,Spigelia beccabungoides,Spigelia beccabungoides,242177-2,242177-2,Species,Manual
209,Spigelia beyrichiana,Spigelia,beyrichiana,,,,,,,,,,Loganiaceae,Spigelia beyrichiana,Spigelia beyrichiana,546917-1,546917-1,Species,Manual
210,Spigelia blanchetiana,Spigelia,blanchetiana,,,,,,,,,,Loganiaceae,Spigelia blanchetiana,Spigelia blanchetiana,546919-1,546919-1,Species,Manual
211,Spigelia brachystachya,Spigelia,brachystachya,,,,,,,,,,Loganiaceae,Spigelia brachystachya,Spigelia brachystachya,546920-1,546920-1,Species,Manual
212,Spigelia caaguazuensis,Spigelia,caaguazuensis,,,,,,,,,,Loganiaceae,Spigelia caaguazuensis,Spigelia caaguazuensis,242182-2,242182-2,Species,Manual
213,Spigelia carnosa,Spigelia,carnosa,,,,,,,,,,Loganiaceae,Spigelia carnosa,Spigelia carnosa,242183-2,242183-2,Species,Manual
214,Spigelia cascatensis,Spigelia,cascatensis,,,,,,,,,,Loganiaceae,Spigelia cascatensis,Spigelia cascatensis,242184-2,242184-2,Species,Manual
215,Spigelia catarinensis,Spigelia,catarinensis,,,,,,,,,,Loganiaceae,Spigelia catarinensis,Spigelia catarinensis,242185-2,242185-2,Species,Manual
216,Spigelia chiapensis,Spigelia,chiapensis,,,,,,,,,,Loganiaceae,Spigelia chiapensis,Spigelia chiapensis,319214-2,319214-2,Species,Manual
217,Spigelia chocoensis,Spigelia,chocoensis,,,,,,,,,,Loganiaceae,Spigelia chocoensis,Spigelia chocoensis,77093116-1,77093116-1,Species,Manual
218,Spigelia cipoensis,Spigelia,cipoensis,,,,,,,,,,Loganiaceae,Spigelia cipoensis,Spigelia cipoensis,285434-2,285434-2,Species,Manual
219,Spigelia coelostylioides,Spigelia,coelostylioides,,,,,,,,,,Loganiaceae,Spigelia coelostylioides,Spigelia coelostylioides,319213-2,319213-2,Species,Manual
220,Spigelia colimensis,Spigelia,colimensis,,,,,,,,,,Loganiaceae,Spigelia colimensis,Spigelia colimensis,77093114-1,77093114-1,Species,Manual
221,Spigelia cremnophila,Spigelia,cremnophila,,,,,,,,,,Loganiaceae,Spigelia cremnophila,Spigelia cremnophila,1004882-1,1004882-1,Species,Manual
222,Spigelia faveolata,Spigelia,faveolata,,,,,,,,,,Loganiaceae,Spigelia faveolata,Spigelia faveolata,330742-2,330742-2,Species,Manual
223,Spigelia flava,Spigelia,flava,,,,,,,,,,Loganiaceae,Spigelia flava,Spigelia flava,300211-2,300211-2,Species,Manual
224,Spigelia flemmingiana,Spigelia,flemmingiana,,,,,,,,,,Loganiaceae,Spigelia flemmingiana,Spigelia flemmingiana,546932-1,546932-1,Species,Manual
225,Spigelia gentianoides,Spigelia,gentianoides,,,,,,,,,,Loganiaceae,Spigelia gentianoides,Spigelia gentianoides,30333464-2,30333464-2,Species,Manual
226,Spigelia genuflexa,Spigelia,genuflexa,,,,,,,,,,Loganiaceae,Spigelia genuflexa,Spigelia genuflexa,77114017-1,77114017-1,Species,Manual
227,Spigelia glabrata,Spigelia,glabrata,,,,,,,,,,Loganiaceae,Spigelia glabrata,Spigelia glabrata,546936-1,546936-1,Species,Manual
228,Spigelia gracilis,Spigelia,gracilis,,,,,,,,,,Loganiaceae,Spigelia gracilis,Spigelia gracilis,546938-1,546938-1,Species,Manual
229,Spigelia guerrerensis,Spigelia,guerrerensis,,,,,,,,,,Loganiaceae,Spigelia guerrerensis,Spigelia guerrerensis,77151686-1,77151686-1,Species,Manual
230,Spigelia guianensis,Spigelia,guianensis,,,,,,,,,,Loganiaceae,Spigelia guianensis,Spigelia guianensis,546940-1,546940-1,Species,Manual
231,Spigelia hamellioides,Spigelia,hamellioides,,,,,,,,,,Loganiaceae,Spigelia hamellioides,Spigelia hamellioides,546941-1,546941-1,Species,Manual
232,Spigelia hatschbachii,Spigelia,hatschbachii,,,,,,,,,,Loganiaceae,Spigelia hatschbachii,Spigelia hatschbachii,324566-2,324566-2,Species,Manual
233,Spigelia hedyotidea,Spigelia,hedyotidea,,,,,,,,,,Loganiaceae,Spigelia hedyotidea,Spigelia hedyotidea,546944-1,546944-1,Species,Manual
234,Spigelia heliotropioides,Spigelia,heliotropioides,,,,,,,,,,Loganiaceae,Spigelia heliotropioides,Spigelia heliotropioides,242200-2,242200-2,Species,Manual
235,Spigelia herzogiana,Spigelia,herzogiana,,,,,,,,,,Loganiaceae,Spigelia herzogiana,Spigelia herzogiana,242201-2,242201-2,Species,Manual
236,Spigelia hirtula,Spigelia,hirtula,,,,,,,,,,Loganiaceae,Spigelia hirtula,Spigelia hirtula,77080992-1,77080992-1,Species,Manual
237,Spigelia humboldtiana,Spigelia,humboldtiana,,,,,,,,,,Loganiaceae,Spigelia humboldtiana,Spigelia humboldtiana,546947-1,546947-1,Species,Manual
238,Spigelia hurleyi,Spigelia,hurleyi,,,,,,,,,,Loganiaceae,Spigelia hurleyi,Spigelia hurleyi,20002791-1,20002791-1,Species,Manual
239,Spigelia insignis,Spigelia,insignis,,,,,,,,,,Loganiaceae,Spigelia insignis,Spigelia insignis,324567-2,324567-2,Species,Manual
240,Spigelia kleinii,Spigelia,kleinii,,,,,,,,,,Loganiaceae,Spigelia kleinii,Spigelia kleinii,242207-2,242207-2,Species,Manual
241,Spigelia kuhlmannii,Spigelia,kuhlmannii,,,,,,,,,,Loganiaceae,Spigelia kuhlmannii,Spigelia kuhlmannii,546954-1,546954-1,Species,Manual
242,Spigelia laurina,Spigelia,laurina,,,,,,,,,,Loganiaceae,Spigelia laurina,Spigelia laurina,546956-1,546956-1,Species,Manual
243,Spigelia leiocarpa,Spigelia,leiocarpa,,,,,,,,,,Loganiaceae,Spigelia leiocarpa,Spigelia leiocarpa,20002813-1,20002813-1,Species,Manual
244,Spigelia linarioides,Spigelia,linarioides,,,,,,,,,,Loganiaceae,Spigelia linarioides,Spigelia linarioides,546958-1,546958-1,Species,Manual
245,Spigelia loganioides,Spigelia,loganioides,,,,,,,,,,Loganiaceae,Spigelia loganioides,Spigelia loganioides,546960-1,546960-1,Species,Manual
246,Spigelia longiflora,Spigelia,longiflora,,,,,,,,,,Loganiaceae,Spigelia longiflora,Spigelia longiflora,546961-1,546961-1,Species,Manual
247,Spigelia luciatlantica,Spigelia,luciatlantica,,,,,,,,,,Loganiaceae,Spigelia luciatlantica,Spigelia luciatlantica,20007552-1,20007552-1,Species,Manual
248,Spigelia lundiana,Spigelia,lundiana,,,,,,,,,,Loganiaceae,Spigelia lundiana,Spigelia lundiana,546964-1,546964-1,Species,Manual
249,Spigelia macrophylla,Spigelia,macrophylla,,,,,,,,,,Loganiaceae,Spigelia macrophylla,Spigelia macrophylla,546965-1,546965-1,Species,Manual
250,Spigelia marilandica,Spigelia,marilandica,,,,,,,,,,Loganiaceae,Spigelia marilandica,Spigelia marilandica,546966-1,546966-1,Species,Manual
251,Spigelia martiana,Spigelia,martiana,,,,,,,,,,Loganiaceae,Spigelia martiana,Spigelia martiana,546967-1,546967-1,Species,Manual
252,Spigelia megapotamica,Spigelia,megapotamica,,,,,,,,,,Loganiaceae,Spigelia megapotamica,Spigelia megapotamica,77093118-1,77093118-1,Species,Manual
253,Spigelia mexicana,Spigelia,mexicana,,,,,,,,,,Loganiaceae,Spigelia mexicana,Spigelia mexicana,546968-1,546968-1,Species,Manual
254,Spigelia mocinoi,Spigelia,mocinoi,,,,,,,,,,Loganiaceae,Spigelia mocinoi,Spigelia mocinoi,77174913-1,77174913-1,Species,Manual
255,Spigelia nicotianiflora,Spigelia,nicotianiflora,,,,,,,,,,Loganiaceae,Spigelia nicotianiflora,Spigelia nicotianiflora,242218-2,242218-2,Species,Manual
256,Spigelia novogranatensis,Spigelia,novogranatensis,,,,,,,,,,Loganiaceae,Spigelia novogranatensis,Spigelia novogranatensis,331049-2,331049-2,Species,Manual
257,Spigelia olfersiana,Spigelia,olfersiana,,,,,,,,,,Loganiaceae,Spigelia olfersiana,Spigelia olfersiana,546974-1,546974-1,Species,Manual
258,Spigelia palmeri,Spigelia,palmeri,,,,,,,,,,Loganiaceae,Spigelia palmeri,Spigelia palmeri,242221-2,242221-2,Species,Manual
259,Spigelia paraguariensis,Spigelia,paraguariensis,,,,,,,,,,Loganiaceae,Spigelia paraguariensis,Spigelia paraguariensis,242222-2,242222-2,Species,Manual
260,Spigelia pedunculata,Spigelia,pedunculata,,,,,,,,,,Loganiaceae,Spigelia pedunculata,Spigelia pedunculata,546982-1,546982-1,Species,Manual
261,Spigelia persicarioides,Spigelia,persicarioides,,,,,,,,,,Loganiaceae,Spigelia persicarioides,Spigelia persicarioides,242225-2,242225-2,Species,Manual
262,Spigelia petiolata,Spigelia,petiolata,,,,,,,,,,Loganiaceae,Spigelia petiolata,Spigelia petiolata,20002804-1,20002804-1,Species,Manual
263,Spigelia polystachya,Spigelia,polystachya,,,,,,,,,,Loganiaceae,Spigelia polystachya,Spigelia polystachya,546986-1,546986-1,Species,Manual
264,Spigelia pulchella,Spigelia,pulchella,,,,,,,,,,Loganiaceae,Spigelia pulchella,Spigelia pulchella,546987-1,546987-1,Species,Manual
265,Spigelia pusilla,Spigelia,pusilla,,,,,,,,,,Loganiaceae,Spigelia pusilla,Spigelia pusilla,546989-1,546989-1,Species,Manual
266,Spigelia pygmaea,Spigelia,pygmaea,,,,,,,,,,Loganiaceae,Spigelia pygmaea,Spigelia pygmaea,242228-2,242228-2,Species,Manual
267,Spigelia queretarensis,Spigelia,queretarensis,,,,,,,,,,Loganiaceae,Spigelia queretarensis,Spigelia queretarensis,77093115-1,77093115-1,Species,Manual
268,Spigelia ramosa,Spigelia,ramosa,,,,,,,,,,Loganiaceae,Spigelia ramosa,Spigelia ramosa,242230-2,242230-2,Species,Manual
269,Spigelia reitzii,Spigelia,reitzii,,,,,,,,,,Loganiaceae,Spigelia reitzii,Spigelia reitzii,242232-2,242232-2,Species,Manual
270,Spigelia riedeliana,Spigelia,riedeliana,,,,,,,,,,Loganiaceae,Spigelia riedeliana,Spigelia riedeliana,242233-2,242233-2,Species,Manual
271,Spigelia rojasiana,Spigelia,rojasiana,,,,,,,,,,Loganiaceae,Spigelia rojasiana,Spigelia rojasiana,242235-2,242235-2,Species,Manual
272,Spigelia rondoniensis,Spigelia,rondoniensis,,,,,,,,,,Loganiaceae,Spigelia rondoniensis,Spigelia rondoniensis,77084193-1,77084193-1,Species,Manual
273,Spigelia scabrella,Spigelia,scabrella,,,,,,,,,,Loganiaceae,Spigelia scabrella,Spigelia scabrella,547002-1,547002-1,Species,Manual
274,Spigelia schlechtendaliana,Spigelia,schlechtendaliana,,,,,,,,,,Loganiaceae,Spigelia schlechtendaliana,Spigelia schlechtendaliana,547003-1,547003-1,Species,Manual
275,Spigelia schultesii,Spigelia,schultesii,,,,,,,,,,Loganiaceae,Spigelia schultesii,Spigelia schultesii,77106774-1,77106774-1,Species,Manual
276,Spigelia sellowiana,Spigelia,sellowiana,,,,,,,,,,Loganiaceae,Spigelia sellowiana,Spigelia sellowiana,547007-1,547007-1,Species,Manual
277,Spigelia sordida,Spigelia,sordida,,,,,,,,,,Loganiaceae,Spigelia sordida,Spigelia sordida,77080991-1,77080991-1,Species,Manual
278,Spigelia spartioides,Spigelia,spartioides,,,,,,,,,,Loganiaceae,Spigelia spartioides,Spigelia spartioides,547010-1,547010-1,Species,Manual
279,Spigelia speciosa,Spigelia,speciosa,,,,,,,,,,Loganiaceae,Spigelia speciosa,Spigelia speciosa,547011-1,547011-1,Species,Manual
280,Spigelia sphagnicola,Spigelia,sphagnicola,,,,,,,,,,Loganiaceae,Spigelia sphagnicola,Spigelia sphagnicola,547012-1,547012-1,Species,Manual
281,Spigelia splendens,Spigelia,splendens,,,,,,,,,,Loganiaceae,Spigelia splendens,Spigelia splendens,547015-1,547015-1,Species,Manual
282,Spigelia spruceana,Spigelia,spruceana,,,,,,,,,,Loganiaceae,Spigelia spruceana,Spigelia spruceana,77155583-1,77155583-1,Species,Manual
283,Spigelia stenocardia,Spigelia,stenocardia,,,,,,,,,,Loganiaceae,Spigelia stenocardia,Spigelia stenocardia,77089479-1,77089479-1,Species,Manual
284,Spigelia stenophylla,Spigelia,stenophylla,,,,,,,,,,Loganiaceae,Spigelia stenophylla,Spigelia stenophylla,547016-1,547016-1,Species,Manual
285,Spigelia tetraptera,Spigelia,tetraptera,,,,,,,,,,Loganiaceae,Spigelia tetraptera,Spigelia tetraptera,242239-2,242239-2,Species,Manual
286,Spigelia texana,Spigelia,texana,,,,,,,,,,Loganiaceae,Spigelia texana,Spigelia texana,547019-1,547019-1,Species,Manual
287,Spigelia trispicata,Spigelia,trispicata,,,,,,,,,,Loganiaceae,Spigelia trispicata,Spigelia trispicata,319215-2,319215-2,Species,Manual
288,Spigelia valenzuelae,Spigelia,valenzuelae,,,,,,,,,,Loganiaceae,Spigelia valenzuelae,Spigelia valenzuelae,242241-2,242241-2,Species,Manual
289,Spigelia vestita,Spigelia,vestita,,,,,,,,,,Loganiaceae,Spigelia vestita,Spigelia vestita,242243-2,242243-2,Species,Manual
290,Spigelia xochiquetzalliana,Spigelia,xochiquetzalliana,,,,,,,,,,Loganiaceae,Spigelia xochiquetzalliana,Spigelia xochiquetzalliana,77162351-1,77162351-1,Species,Manual
291,Strychnos aculeata,Strychnos,aculeata,1.0,1.0,76,1.0,26,,,0.0,3,Loganiaceae,Strychnos aculeata,Strychnos aculeata,547024-1,547024-1,Species,Manual
292,Strychnos acuta,Strychnos,acuta,,,,,,,,,,Loganiaceae,Strychnos acuta,Strychnos acuta,547027-1,547027-1,Species,Manual
293,Strychnos aenea,Strychnos,aenea,,,,,,,,,,Loganiaceae,Strychnos aenea,Strychnos aenea,547030-1,547030-1,Species,Manual
294,Strychnos afzelii,Strychnos,afzelii,1.0,1.0,82,,,,,,,Loganiaceae,Strychnos afzelii,Strychnos afzelii,547031-1,547031-1,Species,Manual
295,Strychnos alvimiana,Strychnos,alvimiana,,,,,,,,,,Loganiaceae,Strychnos alvimiana,Strychnos alvimiana,247277-2,247277-2,Species,Manual
296,Strychnos amazonica,Strychnos,amazonica,1.0,1.0,68,,,,,,,Loganiaceae,Strychnos amazonica,Strychnos amazonica,247278-2,247278-2,Species,Manual
297,Strychnos andamanensis,Strychnos,andamanensis,,,,,,,,,,Loganiaceae,Strychnos andamanensis,Strychnos andamanensis,547037-1,547037-1,Species,Manual
298,Strychnos angolensis,Strychnos,angolensis,1.0,1.0,39,,,,,0.0,"3, 37, 39",Loganiaceae,Strychnos angolensis,Strychnos angolensis,547038-1,547038-1,Species,Manual
299,Strychnos angustiflora,Strychnos,angustiflora,1.0,1.0,"57, 92",,,,,,,Loganiaceae,Strychnos angustiflora,Strychnos angustiflora,547039-1,547039-1,Species,Manual
300,Strychnos araguaensis,Strychnos,araguaensis,,,,,,,,,,Loganiaceae,Strychnos araguaensis,Strychnos araguaensis,247279-2,247279-2,Species,Manual
301,Strychnos asperula,Strychnos,asperula,,,,,,,,,,Loganiaceae,Strychnos asperula,Strychnos asperula,247280-2,247280-2,Species,Manual
302,Strychnos asterantha,Strychnos,asterantha,,,,,,,,,,Loganiaceae,Strychnos asterantha,Strychnos asterantha,547045-1,547045-1,Species,Manual
303,Strychnos atlantica,Strychnos,atlantica,1.0,1.0,64,,,,,,,Loganiaceae,Strychnos atlantica,Strychnos atlantica,247281-2,247281-2,Species,Manual
304,Strychnos axillaris,Strychnos,axillaris,,,,,,,,,,Loganiaceae,Strychnos axillaris,Strychnos axillaris,547050-1,547050-1,Species,Manual
305,Strychnos bahiensis,Strychnos,bahiensis,,,,,,,,,,Loganiaceae,Strychnos bahiensis,Strychnos bahiensis,247282-2,247282-2,Species,Manual
306,Strychnos barnhartiana,Strychnos,barnhartiana,1.0,1.0,87,,,,,,,Loganiaceae,Strychnos barnhartiana,Strychnos barnhartiana,247283-2,247283-2,Species,Manual
307,Strychnos barteri,Strychnos,barteri,,,,,,,,,,Loganiaceae,Strychnos barteri,Strychnos barteri,547059-1,547059-1,Species,Manual
308,Strychnos benthamii,Strychnos,benthamii,,,,,,,,,,Loganiaceae,Strychnos benthamii,Strychnos benthamii,547063-1,547063-1,Species,Manual
309,Strychnos bicolor,Strychnos,bicolor,,,,,,,,,,Loganiaceae,Strychnos bicolor,Strychnos bicolor,547068-1,547068-1,Species,Manual
310,Strychnos bifurcata,Strychnos,bifurcata,,,,,,,,,,Loganiaceae,Strychnos bifurcata,Strychnos bifurcata,547069-1,547069-1,Species,Manual
311,Strychnos boonei,Strychnos,boonei,,,,,,,,,,Loganiaceae,Strychnos boonei,Strychnos boonei,547073-1,547073-1,Species,Manual
312,Strychnos borneensis,Strychnos,borneensis,1.0,1.0,57,,,,,,,Loganiaceae,Strychnos borneensis,Strychnos borneensis,547074-1,547074-1,Species,Manual
313,Strychnos brachiata,Strychnos,brachiata,1.0,1.0,KN,,,,,,,Loganiaceae,Strychnos brachiata,Strychnos brachiata,547077-1,547077-1,Species,Manual
314,Strychnos brachistantha,Strychnos,brachistantha,,,,,,,,,,Loganiaceae,Strychnos brachistantha,Strychnos brachistantha,247287-2,247287-2,Species,Manual
315,Strychnos brasiliensis,Strychnos,brasiliensis,1.0,1.0,"76, 85",1.0,101,,,0.0,3,Loganiaceae,Strychnos brasiliensis,Strychnos brasiliensis,547081-1,547081-1,Species,Manual
316,Strychnos bredemeyeri,Strychnos,bredemeyeri,,,,,,,,,,Loganiaceae,Strychnos bredemeyeri,Strychnos bredemeyeri,547083-1,547083-1,Species,Manual
317,Strychnos campicola,Strychnos,campicola,,,,,,,,,,Loganiaceae,Strychnos campicola,Strychnos campicola,547093-1,547093-1,Species,Manual
318,Strychnos camptoneura,Strychnos,camptoneura,1.0,1.0,55,1.0,102,1.0,102,0.0,37,Loganiaceae,Strychnos camptoneura,Strychnos camptoneura,547094-1,547094-1,Species,Manual
319,Strychnos canthioides,Strychnos,canthioides,,,,,,,,,,Loganiaceae,Strychnos canthioides,Strychnos canthioides,547096-1,547096-1,Species,Manual
320,Strychnos castelnaeana,Strychnos,castelnaeana,1.0,1.0,48,,,,,,,Loganiaceae,Strychnos castelnaeana,Strychnos castelnaeana,547100-1,547100-1,Species,Manual
321,Strychnos cathayensis,Strychnos,cathayensis,1.0,1.0,88,,,,,,,Loganiaceae,Strychnos cathayensis,Strychnos cathayensis,547102-1,547102-1,Species,Manual
322,Strychnos cayennensis,Strychnos,cayennensis,,,,,,,,,,Loganiaceae,Strychnos cayennensis,Strychnos cayennensis,247293-2,247293-2,Species,Manual
323,Strychnos cerradoensis,Strychnos,cerradoensis,,,,,,,,,,Loganiaceae,Strychnos cerradoensis,Strychnos cerradoensis,247294-2,247294-2,Species,Manual
324,Strychnos chlorantha,Strychnos,chlorantha,1.0,1.0,68,,,,,,,Loganiaceae,Strychnos chlorantha,Strychnos chlorantha,547109-1,547109-1,Species,Manual
325,Strychnos chromatoxylon,Strychnos,chromatoxylon,,,,,,,,,,Loganiaceae,Strychnos chromatoxylon,Strychnos chromatoxylon,547112-1,547112-1,Species,Manual
326,Strychnos chrysophylla,Strychnos,chrysophylla,1.0,1.0,78,,,,,,,Loganiaceae,Strychnos chrysophylla,Strychnos chrysophylla,547114-1,547114-1,Species,Manual
327,Strychnos cocculoides,Strychnos,cocculoides,,,,,,,,0.0,3,Loganiaceae,Strychnos cocculoides,Strychnos cocculoides,547124-1,547124-1,Species,Manual
328,Strychnos cogens,Strychnos,cogens,,,,,,,,,,Loganiaceae,Strychnos cogens,Strychnos cogens,547125-1,547125-1,Species,Manual
329,Strychnos colombiensis,Strychnos,colombiensis,,,,,,,,,,Loganiaceae,Strychnos colombiensis,Strychnos colombiensis,247295-2,247295-2,Species,Manual
330,Strychnos congolana,Strychnos,congolana,,,,,,,,,,Loganiaceae,Strychnos congolana,Strychnos congolana,547134-1,547134-1,Species,Manual
331,Strychnos coriacea,Strychnos,coriacea,,,,,,,,,,Loganiaceae,Strychnos coriacea,Strychnos coriacea,547138-1,547138-1,Species,Manual
332,Strychnos croatii,Strychnos,croatii,,,,1.0,101,,,,,Loganiaceae,Strychnos croatii,Strychnos croatii,247298-2,247298-2,Species,Manual
333,Strychnos cuminodora,Strychnos,cuminodora,,,,,,,,,,Loganiaceae,Strychnos cuminodora,Strychnos cuminodora,547143-1,547143-1,Species,Manual
334,Strychnos cuniculina,Strychnos,cuniculina,,,,,,,,,,Loganiaceae,Strychnos cuniculina,Strychnos cuniculina,547145-1,547145-1,Species,Manual
335,Strychnos curtisii,Strychnos,curtisii,,,,,,,,,,Loganiaceae,Strychnos curtisii,Strychnos curtisii,547147-1,547147-1,Species,Manual
336,Strychnos daclacensis,Strychnos,daclacensis,,,,,,,,,,Loganiaceae,Strychnos daclacensis,Strychnos daclacensis,931165-1,931165-1,Species,Manual
337,Strychnos dale,Strychnos,dale,1.0,1.0,"69,75",,,,,,,Loganiaceae,Strychnos dale,Strychnos dale,547149-1,547149-1,Species,Manual
338,Strychnos dalzellii,Strychnos,dalzellii,,,,,,,,,,Loganiaceae,Strychnos dalzellii,Strychnos dalzellii,547150-1,547150-1,Species,Manual
339,Strychnos dantaensis,Strychnos,dantaensis,,,,,,,,,,Loganiaceae,Strychnos dantaensis,Strychnos dantaensis,77121342-1,77121342-1,Species,Manual
340,Strychnos darienensis,Strychnos,darienensis,,,,,,,,,,Loganiaceae,Strychnos darienensis,Strychnos darienensis,547151-1,547151-1,Species,Manual
341,Strychnos davidsei,Strychnos,davidsei,,,,,,,,,,Loganiaceae,Strychnos davidsei,Strychnos davidsei,247299-2,247299-2,Species,Manual
342,Strychnos decussata,Strychnos,decussata,1.0,1.0,"61, 75",,,,,,,Loganiaceae,Strychnos decussata,Strychnos decussata,50426037-2,50426037-2,Species,Manual
343,Strychnos densiflora,Strychnos,densiflora,,,,,,,,,,Loganiaceae,Strychnos densiflora,Strychnos densiflora,547156-1,547156-1,Species,Manual
344,Strychnos diaboli,Strychnos,diaboli,1.0,1.0,68,,,,,,,Loganiaceae,Strychnos diaboli,Strychnos diaboli,247300-2,247300-2,Species,Manual
345,Strychnos dinhensis,Strychnos,dinhensis,,,,,,,,,,Loganiaceae,Strychnos dinhensis,Strychnos dinhensis,547160-1,547160-1,Species,Manual
346,Strychnos dinklagei,Strychnos,dinklagei,1.0,1.0,"89, 90, 91",,,,,,,Loganiaceae,Strychnos dinklagei,Strychnos dinklagei,547161-1,547161-1,Species,Manual
347,Strychnos diplotricha,Strychnos,diplotricha,1.0,1.0,42,1.0,42,,,,,Loganiaceae,Strychnos diplotricha,Strychnos diplotricha,547162-1,547162-1,Species,Manual
348,Strychnos divaricans,Strychnos,divaricans,1.0,1.0,"68, 73",,,,,,,Loganiaceae,Strychnos divaricans,Strychnos divaricans,247301-2,247301-2,Species,Manual
349,Strychnos dolichothyrsa,Strychnos,dolichothyrsa,1.0,1.0,54,,,,,,,Loganiaceae,Strychnos dolichothyrsa,Strychnos dolichothyrsa,547167-1,547167-1,Species,Manual
350,Strychnos duckei,Strychnos,duckei,,,,,,,,,,Loganiaceae,Strychnos duckei,Strychnos duckei,247302-2,247302-2,Species,Manual
351,Strychnos ecuadoriensis,Strychnos,ecuadoriensis,,,,,,,,,,Loganiaceae,Strychnos ecuadoriensis,Strychnos ecuadoriensis,247303-2,247303-2,Species,Manual
352,Strychnos elaeocarpa,Strychnos,elaeocarpa,1.0,1.0,75,,,,,,,Loganiaceae,Strychnos elaeocarpa,Strychnos elaeocarpa,547178-1,547178-1,Species,Manual
353,Strychnos erichsonii,Strychnos,erichsonii,1.0,1.0,49,,,,,,,Loganiaceae,Strychnos erichsonii,Strychnos erichsonii,547183-1,547183-1,Species,Manual
354,Strychnos eugeniifolia,Strychnos,eugeniifolia,,,,,,,,,,Loganiaceae,Strychnos eugeniifolia,Strychnos eugeniifolia,247305-2,247305-2,Species,Manual
355,Strychnos fallax,Strychnos,fallax,,,,,,,,,,Loganiaceae,Strychnos fallax,Strychnos fallax,547189-1,547189-1,Species,Manual
356,Strychnos fendleri,Strychnos,fendleri,1.0,1.0,76,1.0,101,,,,,Loganiaceae,Strychnos fendleri,Strychnos fendleri,247306-2,247306-2,Species,Manual
357,Strychnos flavescens,Strychnos,flavescens,,,,,,,,,,Loganiaceae,Strychnos flavescens,Strychnos flavescens,547193-1,547193-1,Species,Manual
358,Strychnos floribunda,Strychnos,floribunda,1.0,1.0,57,,,,,,,Loganiaceae,Strychnos floribunda,Strychnos floribunda,547195-1,547195-1,Species,Manual
359,Strychnos froesii,Strychnos,froesii,1.0,1.0,68,,,,,,,Loganiaceae,Strychnos froesii,Strychnos froesii,247307-2,247307-2,Species,Manual
360,Strychnos fulvotomentosa,Strychnos,fulvotomentosa,,,,,,,,,,Loganiaceae,Strychnos fulvotomentosa,Strychnos fulvotomentosa,247308-2,247308-2,Species,Manual
361,Strychnos gardneri,Strychnos,gardneri,1.0,1.0,44,,,,,,,Loganiaceae,Strychnos gardneri,Strychnos gardneri,547200-1,547200-1,Species,Manual
362,Strychnos gerrardii,Strychnos,gerrardii,,,,,,,,,,Loganiaceae,Strychnos gerrardii,Strychnos gerrardii,547204-1,547204-1,Species,Manual
363,Strychnos glabra,Strychnos,glabra,,,,,,,,,,Loganiaceae,Strychnos glabra,Strychnos glabra,547207-1,547207-1,Species,Manual
364,Strychnos gnetifolia,Strychnos,gnetifolia,,,,,,,,,,Loganiaceae,Strychnos gnetifolia,Strychnos gnetifolia,547209-1,547209-1,Species,Manual
365,Strychnos goiasensis,Strychnos,goiasensis,,,,,,,,,,Loganiaceae,Strychnos goiasensis,Strychnos goiasensis,247311-2,247311-2,Species,Manual
366,Strychnos gossweileri,Strychnos,gossweileri,1.0,1.0,37,,,,,0.0,"3, 37",Loganiaceae,Strychnos gossweileri,Strychnos gossweileri,547213-1,547213-1,Species,Manual
367,Strychnos grayi,Strychnos,grayi,,,,,,,,,,Loganiaceae,Strychnos grayi,Strychnos grayi,547216-1,547216-1,Species,Manual
368,Strychnos gubleri,Strychnos,gubleri,,,,,,,,,,Loganiaceae,Strychnos gubleri,Strychnos gubleri,547217-1,547217-1,Species,Manual
369,Strychnos guianensis,Strychnos,guianensis,1.0,1.0,"KN, 37",,,,,0.0,37,Loganiaceae,Strychnos guianensis,Strychnos guianensis,547220-1,547220-1,Species,Manual
370,Strychnos henningsii,Strychnos,henningsii,1.0,1.0,37,1.0,"3, 20, 23, 100, 107",,,0.0,"3, 25",Loganiaceae,Strychnos henningsii,Strychnos henningsii,547225-1,547225-1,Species,Manual
371,Strychnos hirsuta,Strychnos,hirsuta,,,,,,,,,,Loganiaceae,Strychnos hirsuta,Strychnos hirsuta,547232-1,547232-1,Species,Manual
372,Strychnos icaja,Strychnos,icaja,1.0,1.0,"37, 51",1.0,3,,,1.0,"7, 10, 15, 16, 17, 37",Loganiaceae,Strychnos icaja,Strychnos icaja,547240-1,547240-1,Species,Manual
373,Strychnos ignatii,Strychnos,ignatii,1.0,1.0,47,,,,,0.0,3,Loganiaceae,Strychnos ignatii,Strychnos ignatii,547242-1,547242-1,Species,Manual
374,Strychnos innocua,Strychnos,innocua,,,,1.0,43,,,0.0,"3, 37",Loganiaceae,Strychnos innocua,Strychnos innocua,547244-1,547244-1,Species,Manual
375,Strychnos jacarepiensis,Strychnos,jacarepiensis,,,,,,,,,,Loganiaceae,Strychnos jacarepiensis,Strychnos jacarepiensis,77112473-1,77112473-1,Species,Manual
376,Strychnos javariensis,Strychnos,javariensis,,,,,,,,,,Loganiaceae,Strychnos javariensis,Strychnos javariensis,247314-2,247314-2,Species,Manual
377,Strychnos jobertiana,Strychnos,jobertiana,1.0,1.0,68,,,,,,,Loganiaceae,Strychnos jobertiana,Strychnos jobertiana,547247-1,547247-1,Species,Manual
378,Strychnos johnsonii,Strychnos,johnsonii,1.0,1.0,39,,,,,0.0,"3, 39",Loganiaceae,Strychnos johnsonii,Strychnos johnsonii,547248-1,547248-1,Species,Manual
379,Strychnos kasengaensis,Strychnos,kasengaensis,1.0,1.0,"39, 72",,,,,0.0,39,Loganiaceae,Strychnos kasengaensis,Strychnos kasengaensis,547252-1,547252-1,Species,Manual
380,Strychnos krukoffiana,Strychnos,krukoffiana,,,,,,,,,,Loganiaceae,Strychnos krukoffiana,Strychnos krukoffiana,247316-2,247316-2,Species,Manual
381,Strychnos lanata,Strychnos,lanata,,,,,,,,,,Loganiaceae,Strychnos lanata,Strychnos lanata,547261-1,547261-1,Species,Manual
382,Strychnos ledermannii,Strychnos,ledermannii,1.0,1.0,"57, 83",,,,,,,Loganiaceae,Strychnos ledermannii,Strychnos ledermannii,547271-1,547271-1,Species,Manual
383,Strychnos leenhoutsii,Strychnos,leenhoutsii,,,,,,,,,,Loganiaceae,Strychnos leenhoutsii,Strychnos leenhoutsii,547272-1,547272-1,Species,Manual
384,Strychnos lobelioides,Strychnos,lobelioides,,,,,,,,,,Loganiaceae,Strychnos lobelioides,Strychnos lobelioides,247318-2,247318-2,Species,Manual
385,Strychnos longicaudata,Strychnos,longicaudata,1.0,1.0,39,,,,,1.0,"37, 39",Loganiaceae,Strychnos longicaudata,Strychnos longicaudata,60452498-2,60452498-2,Species,Manual
386,Strychnos lucens,Strychnos,lucens,1.0,1.0,39,,,,,0.0,3,Loganiaceae,Strychnos lucens,Strychnos lucens,547293-1,547293-1,Species,Manual
387,Strychnos lucida,Strychnos,lucida,1.0,1.0,"KN, 40",1.0,"22, 94",,,1.0,"22, 40 ",Loganiaceae,Strychnos lucida,Strychnos lucida,547295-1,547295-1,Species,Manual
388,Strychnos luzonensis,Strychnos,luzonensis,,,,,,,,,,Loganiaceae,Strychnos luzonensis,Strychnos luzonensis,547296-1,547296-1,Species,Manual
389,Strychnos madagascariensis,Strychnos,madagascariensis,,,,,,,,,,Loganiaceae,Strychnos madagascariensis,Strychnos madagascariensis,547300-1,547300-1,Species,Manual
390,Strychnos maingayi,Strychnos,maingayi,,,,,,,,,,Loganiaceae,Strychnos maingayi,Strychnos maingayi,547301-1,547301-1,Species,Manual
391,Strychnos malacoclados,Strychnos,malacoclados,1.0,1.0,41,,,,,1.0,41,Loganiaceae,Strychnos malacoclados,Strychnos malacoclados,547303-1,547303-1,Species,Manual
392,Strychnos malacosperma,Strychnos,malacosperma,,,,,,,,,,Loganiaceae,Strychnos malacosperma,Strychnos malacosperma,247322-2,247322-2,Species,Manual
393,Strychnos malchairii,Strychnos,malchairii,,,,,,,,,,Loganiaceae,Strychnos malchairii,Strychnos malchairii,547305-1,547305-1,Species,Manual
394,Strychnos matopensis,Strychnos,matopensis,1.0,1.0,39,,,,,1.0,39,Loganiaceae,Strychnos matopensis,Strychnos matopensis,547312-1,547312-1,Species,Manual
395,Strychnos mattogrossensis,Strychnos,mattogrossensis,1.0,1.0,79,,,,,0.0,37,Loganiaceae,Strychnos mattogrossensis,Strychnos mattogrossensis,247325-2,247325-2,Species,Manual
396,Strychnos medeola,Strychnos,medeola,,,,,,,,,,Loganiaceae,Strychnos medeola,Strychnos medeola,547316-1,547316-1,Species,Manual
397,Strychnos melanocarpa,Strychnos,melanocarpa,,,,,,,,,,Loganiaceae,Strychnos melanocarpa,Strychnos melanocarpa,547318-1,547318-1,Species,Manual
398,Strychnos melastomatoides,Strychnos,melastomatoides,,,,,,,,,,Loganiaceae,Strychnos melastomatoides,Strychnos melastomatoides,547319-1,547319-1,Species,Manual
399,Strychnos melinoniana,Strychnos,melinoniana,1.0,1.0,68,,,,,,,Loganiaceae,Strychnos melinoniana,Strychnos melinoniana,547320-1,547320-1,Species,Manual
400,Strychnos mellodora,Strychnos,mellodora,1.0,1.0,KN/53,,,,,0.0,3,Loganiaceae,Strychnos mellodora,Strychnos mellodora,547322-1,547322-1,Species,Manual
401,Strychnos memecyloides,Strychnos,memecyloides,,,,,,,,0.0,37,Loganiaceae,Strychnos memecyloides,Strychnos memecyloides,547324-1,547324-1,Species,Manual
402,Strychnos millepunctata,Strychnos,millepunctata,,,,,,,,,,Loganiaceae,Strychnos millepunctata,Strychnos millepunctata,547332-1,547332-1,Species,Manual
403,Strychnos mimfiensis,Strychnos,mimfiensis,,,,,,,,,,Loganiaceae,Strychnos mimfiensis,Strychnos mimfiensis,547334-1,547334-1,Species,Manual
404,Strychnos minor,Strychnos,minor,1.0,1.0,57,,,,,,,Loganiaceae,Strychnos minor,Strychnos minor,547339-1,547339-1,Species,Manual
405,Strychnos mitis,Strychnos,mitis,1.0,1.0,13,1.0,13,,,1.0,"3,13",Loganiaceae,Strychnos mitis,Strychnos mitis,547340-1,547340-1,Species,Manual
406,Strychnos mitscherlichii,Strychnos,mitscherlichii,1.0,1.0,44,,,,,,,Loganiaceae,Strychnos mitscherlichii,Strychnos mitscherlichii,547341-1,547341-1,Species,Manual
407,Strychnos moandaensis,Strychnos,moandaensis,1.0,1.0,9,,,,,0.0,9,Loganiaceae,Strychnos moandaensis,Strychnos moandaensis,547342-1,547342-1,Species,Manual
408,Strychnos mostueoides,Strychnos,mostueoides,1.0,1.0,42,,,,,,,Loganiaceae,Strychnos mostueoides,Strychnos mostueoides,547349-1,547349-1,Species,Manual
409,Strychnos myrioneura,Strychnos,myrioneura,,,,,,,,,,Loganiaceae,Strychnos myrioneura,Strychnos myrioneura,77222168-1,77222168-1,Species,Manual
410,Strychnos myrtoides,Strychnos,myrtoides,1.0,1.0,38,1.0,98,,,0.0,8,Loganiaceae,Strychnos myrtoides,Strychnos myrtoides,547356-1,547356-1,Species,Manual
411,Strychnos nana,Strychnos,nana,,,,,,,,,,Loganiaceae,Strychnos nana,Strychnos nana,77177752-1,77177752-1,Species,Manual
412,Strychnos narcondamensis,Strychnos,narcondamensis,,,,,,,,,,Loganiaceae,Strychnos narcondamensis,Strychnos narcondamensis,547357-1,547357-1,Species,Manual
413,Strychnos ndengensis,Strychnos,ndengensis,,,,,,,,,,Loganiaceae,Strychnos ndengensis,Strychnos ndengensis,547359-1,547359-1,Species,Manual
414,Strychnos neglecta,Strychnos,neglecta,,,,,,,,,,Loganiaceae,Strychnos neglecta,Strychnos neglecta,247329-2,247329-2,Species,Manual
415,Strychnos ngouniensis,Strychnos,ngouniensis,1.0,1.0,39,,,,,0.0,39,Loganiaceae,Strychnos ngouniensis,Strychnos ngouniensis,547361-1,547361-1,Species,Manual
416,Strychnos nicaraguensis,Strychnos,nicaraguensis,,,,,,,,,,Loganiaceae,Strychnos nicaraguensis,Strychnos nicaraguensis,285708-2,285708-2,Species,Manual
417,Strychnos nigricans,Strychnos,nigricans,,,,,,,,,,Loganiaceae,Strychnos nigricans,Strychnos nigricans,547364-1,547364-1,Species,Manual
418,Strychnos nigritana,Strychnos,nigritana,,,,,,,,,,Loganiaceae,Strychnos nigritana,Strychnos nigritana,547365-1,547365-1,Species,Manual
419,Strychnos nitida,Strychnos,nitida,1.0,1.0,"59, 84",,,,,,,Loganiaceae,Strychnos nitida,Strychnos nitida,547367-1,547367-1,Species,Manual
420,Strychnos nux-blanda,Strychnos,nux-blanda,1.0,1.0,77,1.0,77,,,,,Loganiaceae,Strychnos nux-blanda,Strychnos nux-blanda,547370-1,547370-1,Species,Manual
421,Strychnos nux-vomica,Strychnos,nux-vomica,1.0,1.0,19,1.0,"95, 105",1.0,"19, 96",0.0,"3, 19",Loganiaceae,Strychnos nux-vomica,Strychnos nux-vomica,547371-1,547371-1,Species,Manual
422,Strychnos odorata,Strychnos,odorata,1.0,1.0,57,,,,,,,Loganiaceae,Strychnos odorata,Strychnos odorata,547375-1,547375-1,Species,Manual
423,Strychnos oiapocensis,Strychnos,oiapocensis,,,,,,,,,,Loganiaceae,Strychnos oiapocensis,Strychnos oiapocensis,247332-2,247332-2,Species,Manual
424,Strychnos oleifolia,Strychnos,oleifolia,,,,,,,,,,Loganiaceae,Strychnos oleifolia,Strychnos oleifolia,547378-1,547378-1,Species,Manual
425,Strychnos ovata,Strychnos,ovata,1.0,1.0,57,,,,,,,Loganiaceae,Strychnos ovata,Strychnos ovata,547385-1,547385-1,Species,Manual
426,Strychnos pachycarpa,Strychnos,pachycarpa,,,,,,,,,,Loganiaceae,Strychnos pachycarpa,Strychnos pachycarpa,247334-2,247334-2,Species,Manual
427,Strychnos panamensis,Strychnos,panamensis,1.0,1.0,45/68,1.0,101,,,,,Loganiaceae,Strychnos panamensis,Strychnos panamensis,547390-1,547390-1,Species,Manual
428,Strychnos panganensis,Strychnos,panganensis,1.0,1.0,39/81,,,,,0.0,39,Loganiaceae,Strychnos panganensis,Strychnos panganensis,547392-1,547392-1,Species,Manual
429,Strychnos parviflora,Strychnos,parviflora,,,,,,,,,,Loganiaceae,Strychnos parviflora,Strychnos parviflora,547398-1,547398-1,Species,Manual
430,Strychnos parvifolia,Strychnos,parvifolia,1.0,1.0,68,,,,,,,Loganiaceae,Strychnos parvifolia,Strychnos parvifolia,547399-1,547399-1,Species,Manual
431,Strychnos peckii,Strychnos,peckii,,,,,,,,,,Loganiaceae,Strychnos peckii,Strychnos peckii,547401-1,547401-1,Species,Manual
432,Strychnos penninervis,Strychnos,penninervis,,,,,,,,,,Loganiaceae,Strychnos penninervis,Strychnos penninervis,547405-1,547405-1,Species,Manual
433,Strychnos pentantha,Strychnos,pentantha,,,,,,,,,,Loganiaceae,Strychnos pentantha,Strychnos pentantha,547406-1,547406-1,Species,Manual
434,Strychnos phaeotricha,Strychnos,phaeotricha,,,,,,,,0.0,3,Loganiaceae,Strychnos phaeotricha,Strychnos phaeotricha,547408-1,547408-1,Species,Manual
435,Strychnos poeppigii,Strychnos,poeppigii,,,,,,,,,,Loganiaceae,Strychnos poeppigii,Strychnos poeppigii,547415-1,547415-1,Species,Manual
436,Strychnos polyantha,Strychnos,polyantha,,,,,,,,,,Loganiaceae,Strychnos polyantha,Strychnos polyantha,547416-1,547416-1,Species,Manual
437,Strychnos polytrichantha,Strychnos,polytrichantha,,,,,,,,,,Loganiaceae,Strychnos polytrichantha,Strychnos polytrichantha,547419-1,547419-1,Species,Manual
438,Strychnos potatorum,Strychnos,potatorum,1.0,1.0,39,1.0,24,,,1.0,"3, 39",Loganiaceae,Strychnos potatorum,Strychnos potatorum,547420-1,547420-1,Species,Manual
439,Strychnos progeliana,Strychnos,progeliana,,,,,,,,,,Loganiaceae,Strychnos progeliana,Strychnos progeliana,247341-2,247341-2,Species,Manual
440,Strychnos pseudoquina,Strychnos,pseudoquina,1.0,1.0,"4, 71",1.0,"4, 71, 101",1.0,71,1.0,"4, 21",Loganiaceae,Strychnos pseudoquina,Strychnos pseudoquina,547425-1,547425-1,Species,Manual
441,Strychnos psilosperma,Strychnos,psilosperma,1.0,1.0,86,,,,,,,Loganiaceae,Strychnos psilosperma,Strychnos psilosperma,547427-1,547427-1,Species,Manual
442,Strychnos puberula,Strychnos,puberula,,,,,,,,,,Loganiaceae,Strychnos puberula,Strychnos puberula,77119500-1,77119500-1,Species,Manual
443,Strychnos pubescens,Strychnos,pubescens,,,,,,,,,,Loganiaceae,Strychnos pubescens,Strychnos pubescens,547428-1,547428-1,Species,Manual
444,Strychnos pubiflora,Strychnos,pubiflora,,,,,,,,,,Loganiaceae,Strychnos pubiflora,Strychnos pubiflora,247343-2,247343-2,Species,Manual
445,Strychnos pungens,Strychnos,pungens,1.0,1.0,39,,,,,0.0,"3, 39",Loganiaceae,Strychnos pungens,Strychnos pungens,547430-1,547430-1,Species,Manual
446,Strychnos ramentifera,Strychnos,ramentifera,,,,,,,,,,Loganiaceae,Strychnos ramentifera,Strychnos ramentifera,247344-2,247344-2,Species,Manual
447,Strychnos recognita,Strychnos,recognita,,,,,,,,,,Loganiaceae,Strychnos recognita,Strychnos recognita,247345-2,247345-2,Species,Manual
448,Strychnos retinervis,Strychnos,retinervis,,,,,,,,,,Loganiaceae,Strychnos retinervis,Strychnos retinervis,547443-1,547443-1,Species,Manual
449,Strychnos ridleyi,Strychnos,ridleyi,,,,,,,,,,Loganiaceae,Strychnos ridleyi,Strychnos ridleyi,547448-1,547448-1,Species,Manual
450,Strychnos romeu-belenii,Strychnos,romeu-belenii,,,,,,,,,,Loganiaceae,Strychnos romeu-belenii,Strychnos romeu-belenii,247347-2,247347-2,Species,Manual
451,Strychnos rondeletioides,Strychnos,rondeletioides,1.0,1.0,68,,,,,,,Loganiaceae,Strychnos rondeletioides,Strychnos rondeletioides,547453-1,547453-1,Species,Manual
452,Strychnos rubiginosa,Strychnos,rubiginosa,1.0,1.0,52,,,,,,,Loganiaceae,Strychnos rubiginosa,Strychnos rubiginosa,547455-1,547455-1,Species,Manual
453,Strychnos rufa,Strychnos,rufa,,,,,,,,,,Loganiaceae,Strychnos rufa,Strychnos rufa,547456-1,547456-1,Species,Manual
454,Strychnos rupicola,Strychnos,rupicola,,,,,,,,,,Loganiaceae,Strychnos rupicola,Strychnos rupicola,547458-1,547458-1,Species,Manual
455,Strychnos samba,Strychnos,samba,1.0,1.0,57,,,,,,,Loganiaceae,Strychnos samba,Strychnos samba,547459-1,547459-1,Species,Manual
456,Strychnos sandwithiana,Strychnos,sandwithiana,,,,,,,,,,Loganiaceae,Strychnos sandwithiana,Strychnos sandwithiana,247349-2,247349-2,Species,Manual
457,Strychnos scheffleri,Strychnos,scheffleri,1.0,1.0,46,,,,,0.0,3,Loganiaceae,Strychnos scheffleri,Strychnos scheffleri,547464-1,547464-1,Species,Manual
458,Strychnos schultesiana,Strychnos,schultesiana,,,,,,,,,,Loganiaceae,Strychnos schultesiana,Strychnos schultesiana,247350-2,247350-2,Species,Manual
459,Strychnos schunkei,Strychnos,schunkei,,,,,,,,,,Loganiaceae,Strychnos schunkei,Strychnos schunkei,247351-2,247351-2,Species,Manual
460,Strychnos setosa,Strychnos,setosa,,,,,,,,,,Loganiaceae,Strychnos setosa,Strychnos setosa,247353-2,247353-2,Species,Manual
461,Strychnos solerederi,Strychnos,solerederi,1.0,1.0,68,,,,,,,Loganiaceae,Strychnos solerederi,Strychnos solerederi,247355-2,247355-2,Species,Manual
462,Strychnos solimoesana,Strychnos,solimoesana,,,,,,,,,,Loganiaceae,Strychnos solimoesana,Strychnos solimoesana,247356-2,247356-2,Species,Manual
463,Strychnos sonlaensis,Strychnos,sonlaensis,,,,,,,,,,Loganiaceae,Strychnos sonlaensis,Strychnos sonlaensis,931166-1,931166-1,Species,Manual
464,Strychnos soubrensis,Strychnos,soubrensis,1.0,1.0,"66, 76",,,,,,,Loganiaceae,Strychnos soubrensis,Strychnos soubrensis,547483-1,547483-1,Species,Manual
465,Strychnos spinosa,Strychnos,spinosa,1.0,1.0,80,1.0,"3, 28, 43, 97, 106",,,1.0,"3,5, 28, 37",Loganiaceae,Strychnos spinosa,Strychnos spinosa,547485-1,547485-1,Species,Manual
466,Strychnos splendens,Strychnos,splendens,1.0,1.0,67,,,,,,,Loganiaceae,Strychnos splendens,Strychnos splendens,547487-1,547487-1,Species,Manual
467,Strychnos staudtii,Strychnos,staudtii,1.0,1.0,"39, 50",,,,,,,Loganiaceae,Strychnos staudtii,Strychnos staudtii,547488-1,547488-1,Species,Manual
468,Strychnos subcordata,Strychnos,subcordata,1.0,1.0,68,,,,,,,Loganiaceae,Strychnos subcordata,Strychnos subcordata,547493-1,547493-1,Species,Manual
469,Strychnos tabascana,Strychnos,tabascana,1.0,1.0,76,,,,,,,Loganiaceae,Strychnos tabascana,Strychnos tabascana,247358-2,247358-2,Species,Manual
470,Strychnos talbotiae,Strychnos,talbotiae,,,,,,,,,,Loganiaceae,Strychnos talbotiae,Strychnos talbotiae,547502-1,547502-1,Species,Manual
471,Strychnos tarapotensis,Strychnos,tarapotensis,,,,,,,,,,Loganiaceae,Strychnos tarapotensis,Strychnos tarapotensis,247359-2,247359-2,Species,Manual
472,Strychnos tchibangensis,Strychnos,tchibangensis,1.0,1.0,70,,,,,,,Loganiaceae,Strychnos tchibangensis,Strychnos tchibangensis,547504-1,547504-1,Species,Manual
473,Strychnos ternata,Strychnos,ternata,,,,,,,,,,Loganiaceae,Strychnos ternata,Strychnos ternata,547508-1,547508-1,Species,Manual
474,Strychnos tetragona,Strychnos,tetragona,,,,,,,,,,Loganiaceae,Strychnos tetragona,Strychnos tetragona,547511-1,547511-1,Species,Manual
475,Strychnos thorelii,Strychnos,thorelii,,,,,,,,,,Loganiaceae,Strychnos thorelii,Strychnos thorelii,547514-1,547514-1,Species,Manual
476,Strychnos tomentosa,Strychnos,tomentosa,,,,,,,,,,Loganiaceae,Strychnos tomentosa,Strychnos tomentosa,547520-1,547520-1,Species,Manual
477,Strychnos torresiana,Strychnos,torresiana,,,,,,,,,,Loganiaceae,Strychnos torresiana,Strychnos torresiana,247362-2,247362-2,Species,Manual
478,Strychnos toxifera,Strychnos,toxifera,1.0,1.0,65,,,,,,,Loganiaceae,Strychnos toxifera,Strychnos toxifera,547525-1,547525-1,Species,Manual
479,Strychnos tricalysioides,Strychnos,tricalysioides,,,,,,,,,,Loganiaceae,Strychnos tricalysioides,Strychnos tricalysioides,547527-1,547527-1,Species,Manual
480,Strychnos trichocalyx,Strychnos,trichocalyx,,,,,,,,,,Loganiaceae,Strychnos trichocalyx,Strychnos trichocalyx,547529-1,547529-1,Species,Manual
481,Strychnos trichoneura,Strychnos,trichoneura,,,,,,,,,,Loganiaceae,Strychnos trichoneura,Strychnos trichoneura,547530-1,547530-1,Species,Manual
482,Strychnos trinervis,Strychnos,trinervis,1.0,1.0,74,1.0,101,,,,,Loganiaceae,Strychnos trinervis,Strychnos trinervis,77221793-1,77221793-1,Species,Manual
483,Strychnos tseasnum,Strychnos,tseasnum,,,,,,,,,,Loganiaceae,Strychnos tseasnum,Strychnos tseasnum,247364-2,247364-2,Species,Manual
484,Strychnos umbellata,Strychnos,umbellata,1.0,1.0,57,,,,,,,Loganiaceae,Strychnos umbellata,Strychnos umbellata,547538-1,547538-1,Species,Manual
485,Strychnos urceolata,Strychnos,urceolata,,,,,,,,,,Loganiaceae,Strychnos urceolata,Strychnos urceolata,547542-1,547542-1,Species,Manual
486,Strychnos usambarensis,Strychnos,usambarensis,1.0,1.0,37,1.0,"99, 103",,,1.0,"6, 11, 14, 18, 37",Loganiaceae,Strychnos usambarensis,Strychnos usambarensis,547543-1,547543-1,Species,Manual
487,Strychnos vanprukii,Strychnos,vanprukii,1.0,1.0,"57, 60",,,,,,,Loganiaceae,Strychnos vanprukii,Strychnos vanprukii,547548-1,547548-1,Species,Manual
488,Strychnos variabilis,Strychnos,variabilis,1.0,1.0,58,,,,,1.0,"3, 37",Loganiaceae,Strychnos variabilis,Strychnos variabilis,547549-1,547549-1,Species,Manual
489,Strychnos villosa,Strychnos,villosa,,,,,,,,,,Loganiaceae,Strychnos villosa,Strychnos villosa,547553-1,547553-1,Species,Manual
490,Strychnos vitiensis,Strychnos,vitiensis,,,,,,,,,,Loganiaceae,Strychnos vitiensis,Strychnos vitiensis,547557-1,547557-1,Species,Manual
491,Strychnos wallichiana,Strychnos,wallichiana,1.0,1.0,56/63,1.0,12,,,0.0,12,Loganiaceae,Strychnos wallichiana,Strychnos wallichiana,547566-1,547566-1,Species,Manual
492,Strychnos xantha,Strychnos,xantha,1.0,1.0,39,,,,,,,Loganiaceae,Strychnos xantha,Strychnos xantha,547569-1,547569-1,Species,Manual
493,Strychnos xylophylla,Strychnos,xylophylla,,,,,,,,,,Loganiaceae,Strychnos xylophylla,Strychnos xylophylla,547572-1,547572-1,Species,Manual
494,Strychnos zenkeri,Strychnos,zenkeri,,,,,,,,,,Loganiaceae,Strychnos zenkeri,Strychnos zenkeri,547574-1,547574-1,Species,Manual
495,Usteria guineensis,Usteria,guineensis,,,,1.0,93,,,,,Loganiaceae,Usteria guineensis,Usteria guineensis,547612-1,547612-1,Species,Manual
